{"val_loss": 1.327530026435852, "val_acc": 0.6853582262992859}